{"cameraMode":{"drawMode":0,"name":"Shaded","section":"Shading Mode"},"sceneLighting":true,"audioPlay":false,"sceneViewState":{"showFog":true,"showMaterialUpdate":false,"showSkybox":true,"showFlares":true,"showImageEffects":true,"showParticleSystems":true},"in2DMode":false,"pivot":{"x":275.691650390625,"y":464.86834716796877,"z":0.0},"rotation":{"x":0.04495322331786156,"y":-0.037453312426805499,"z":0.0016865456709638239,"w":0.9982856512069702},"size":708.5996704101563,"orthographic":true}