{"cameraMode":{"drawMode":0,"name":"Shaded","section":"Shading Mode"},"sceneLighting":true,"audioPlay":false,"sceneViewState":{"showFog":true,"showMaterialUpdate":false,"showSkybox":true,"showFlares":true,"showImageEffects":true,"showParticleSystems":true},"in2DMode":false,"pivot":{"x":250.20993041992188,"y":260.805419921875,"z":5.009362697601318},"rotation":{"x":0.04495322331786156,"y":-0.037453312426805499,"z":0.0016865456709638239,"w":0.9982856512069702},"size":798.8546752929688,"orthographic":true}